match_id,player_id,pressing_action_count,pressing_actions_per_90,press_success_rate,regain_rate,disruption_rate,successful_press_count,successful_presses_per_90,total_regain_count,regains_per_90,direct_regain_count,indirect_regain_count,total_disruption_count,direct_disruption_count,indirect_disruption_count,presses_leading_to_shot,presses_leading_to_goal,shot_creation_rate,high_block_press_count,medium_block_press_count,low_block_press_count,counter_press_count,counter_presses_per_90
2015213,560917,6,11.238293444328825,0.16666666666666666,0.16666666666666666,0.0,1,1.8730489073881376,1,1.8730489073881376,0,1,0,0,0,0,0,0.0,3,3,0,1,1.8730489073881376
2017461,582974,13,18.41939546599496,0.15384615384615385,0.15384615384615385,0.0,2,2.8337531486146093,2,2.8337531486146093,0,2,0,0,0,0,0,0.0,3,9,0,2,2.8337531486146093
2017461,11117,7,7.467994310099574,0.0,0.0,0.0,0,0.0,0,0.0,0,0,0,0,0,1,0,0.14285714285714285,2,3,0,5,5.334281650071124
2015213,795529,41,49.69027740371667,0.12195121951219512,0.12195121951219512,0.0,5,6.05978992728252,5,6.05978992728252,0,5,0,0,0,1,0,0.024390243902439025,20,19,0,8,9.695663883652033
2015213,133501,21,18.932184714013825,0.09523809523809523,0.09523809523809523,0.0,2,1.8030652108584595,2,1.8030652108584595,0,2,0,0,0,0,0,0.0,11,9,1,6,5.409195632575378
2015213,51008,8,7.212260843433838,0.25,0.25,0.0,2,1.8030652108584595,2,1.8030652108584595,0,2,0,0,0,0,0,0.0,3,5,0,2,1.8030652108584595
2017461,50955,10,10.668563300142248,0.3,0.1,0.2,3,3.200568990042674,1,1.0668563300142249,0,1,2,0,2,0,0,0.0,1,6,0,7,7.467994310099574
2015213,23418,6,11.238293444328825,0.16666666666666666,0.0,0.16666666666666666,1,1.8730489073881376,0,0.0,0,0,1,0,1,0,0,0.0,3,3,0,1,1.8730489073881376
2017461,133498,4,4.4543429844098,0.0,0.0,0.0,0,0.0,0,0.0,0,0,0,0,0,0,0,0.0,1,3,0,1,1.11358574610245
2017461,43829,5,13.274336283185841,0.0,0.0,0.0,0,0.0,0,0.0,0,0,0,0,0,0,0,0.0,0,4,0,3,7.964601769911504
2015213,163972,23,28.65051903114187,0.17391304347826086,0.13043478260869565,0.043478260869565216,4,4.982698961937716,3,3.737024221453287,0,3,1,0,1,0,0,0.0,13,10,0,6,7.474048442906574
2017461,811820,4,3.6953397659618146,0.25,0.0,0.25,1,0.9238349414904536,0,0.0,0,0,1,0,1,0,0,0.0,1,3,0,2,1.8476698829809073
2015213,38673,32,28.849043373735352,0.0625,0.03125,0.03125,2,1.8030652108584595,1,0.9015326054292297,0,1,1,0,1,0,0,0.0,24,7,0,3,2.704597816287689
2017461,624628,21,29.7544080604534,0.14285714285714285,0.14285714285714285,0.0,3,4.250629722921914,3,4.250629722921914,0,3,0,0,0,0,0,0.0,8,13,0,6,8.501259445843829
2017461,11885,7,8.97052541648868,0.0,0.0,0.0,0,0.0,0,0.0,0,0,0,0,0,0,0,0.0,1,4,1,6,7.689021785561725
2015213,560916,45,40.56896724431534,0.13333333333333333,0.06666666666666667,0.06666666666666667,6,5.409195632575378,3,2.704597816287689,0,3,3,1,2,2,0,0.044444444444444446,19,24,1,10,9.015326054292297
2015213,51675,19,19.96264300723792,0.10526315789473684,0.10526315789473684,0.0,2,2.1013308428671493,2,2.1013308428671493,0,2,0,0,0,2,0,0.10526315789473684,3,12,0,11,11.557319635769321
2017461,965685,5,13.274336283185841,0.0,0.0,0.0,0,0.0,0,0.0,0,0,0,0,0,0,0,0.0,3,2,0,4,10.619469026548673
2017461,133501,10,11.832763607678148,0.0,0.0,0.0,0,0.0,0,0.0,0,0,0,0,0,0,0,0.0,1,7,0,5,5.916381803839074
2017461,23418,12,13.3630289532294,0.0,0.0,0.0,0,0.0,0,0.0,0,0,0,0,0,1,0,0.08333333333333333,0,8,2,5,5.56792873051225
2017461,159688,15,13.857524122356805,0.0,0.0,0.0,0,0.0,0,0.0,0,0,0,0,0,2,0,0.13333333333333333,1,11,0,12,11.086019297885445
2017461,800322,5,4.619174707452268,0.2,0.2,0.0,1,0.9238349414904536,1,0.9238349414904536,0,1,0,0,0,1,0,0.2,1,2,0,4,3.6953397659618146
2015213,582974,4,7.49219562955255,0.0,0.0,0.0,0,0.0,0,0.0,0,0,0,0,0,0,0,0.0,1,3,0,2,3.746097814776275
2017461,29075,5,6.407518154634771,0.0,0.0,0.0,0,0.0,0,0.0,0,0,0,0,0,0,0,0.0,1,4,0,3,3.8445108927808627
2017461,14736,9,8.314514473414084,0.1111111111111111,0.0,0.1111111111111111,1,0.9238349414904536,0,0.0,0,0,1,1,0,1,0,0.1111111111111111,0,8,0,4,3.6953397659618146
2017461,157294,8,7.390679531923629,0.0,0.0,0.0,0,0.0,0,0.0,0,0,0,0,0,0,0,0.0,0,6,0,7,6.466844590433176
2017461,38673,21,19.40053377129953,0.09523809523809523,0.047619047619047616,0.047619047619047616,2,1.8476698829809073,1,0.9238349414904536,0,1,1,0,1,0,0,0.0,6,12,2,5,4.619174707452268
2015213,14736,8,7.212260843433838,0.125,0.125,0.0,1,0.9015326054292297,1,0.9015326054292297,0,1,0,0,0,1,0,0.125,2,5,0,6,5.409195632575378
2015213,795527,17,17.362687244666365,0.17647058823529413,0.11764705882352941,0.058823529411764705,3,3.064003631411711,2,2.0426690876078073,0,2,1,1,0,2,0,0.11764705882352941,5,9,1,8,8.17067635043123
2015213,23922,11,9.916858659721527,0.18181818181818182,0.18181818181818182,0.0,2,1.8030652108584595,2,1.8030652108584595,2,0,0,0,0,0,0,0.0,0,9,0,2,1.8030652108584595
2015213,4322,3,2.704597816287689,0.6666666666666666,0.6666666666666666,0.0,2,1.8030652108584595,2,1.8030652108584595,0,2,0,0,0,0,0,0.0,1,1,0,1,0.9015326054292297
2015213,133498,4,7.49219562955255,0.25,0.0,0.25,1,1.8730489073881376,0,0.0,0,0,1,0,1,0,0,0.0,2,2,0,0,0.0
2015213,51667,4,3.606130421716919,0.25,0.25,0.0,1,0.9015326054292297,1,0.9015326054292297,0,1,0,0,0,1,0,0.25,1,2,0,1,0.9015326054292297
2015213,26844,13,15.755453810934553,0.07692307692307693,0.07692307692307693,0.0,1,1.2119579854565041,1,1.2119579854565041,0,1,0,0,0,0,0,0.0,2,11,0,6,7.271747912739024
2015213,50951,3,5.214368482039397,0.0,0.0,0.0,0,0.0,0,0.0,0,0,0,0,0,1,0,0.3333333333333333,1,2,0,1,1.7381228273464657
2015213,809670,10,17.381228273464657,0.2,0.1,0.1,2,3.4762456546929315,1,1.7381228273464657,0,1,1,1,0,0,0,0.0,0,10,0,6,10.428736964078794
2015213,43829,5,8.690614136732329,0.2,0.2,0.0,1,1.7381228273464657,1,1.7381228273464657,0,1,0,0,0,0,0,0.0,3,2,0,3,5.214368482039397
2013725,51644,10,9.508716323296355,0.1,0.0,0.1,1,0.9508716323296355,0,0.0,0,0,1,1,0,0,0,0.0,7,3,0,2,1.901743264659271
2013725,2858,25,23.771790808240887,0.08,0.08,0.0,2,1.901743264659271,2,1.901743264659271,0,2,0,0,0,0,0,0.0,13,10,0,8,7.606973058637084
2013725,51045,21,19.968304278922343,0.19047619047619047,0.14285714285714285,0.047619047619047616,4,3.803486529318542,3,2.8526148969889062,1,2,1,1,0,0,0,0.0,7,11,0,7,6.6561014263074485
2013725,795529,28,35.38331929233362,0.17857142857142858,0.14285714285714285,0.03571428571428571,5,6.318449873631002,4,5.054759898904802,0,4,1,1,0,1,0,0.03571428571428571,11,14,1,10,12.636899747262005
2013725,51008,5,5.926511260371394,0.0,0.0,0.0,0,0.0,0,0.0,0,0,0,0,0,0,0,0.0,2,3,0,1,1.1853022520742789
2013725,133853,17,24.586212437731,0.17647058823529413,0.11764705882352941,0.058823529411764705,3,4.338743371364294,2,2.892495580909529,0,2,1,0,1,0,0,0.0,9,7,0,7,10.123734533183352
2013725,26844,10,10.248235026189935,0.3,0.3,0.0,3,3.0744705078569803,3,3.0744705078569803,1,2,0,0,0,0,0,0.0,1,8,1,2,2.049647005237987
2013725,795544,19,18.066561014263073,0.2631578947368421,0.15789473684210525,0.10526315789473684,5,4.754358161648177,3,2.8526148969889062,0,3,2,2,0,0,0,0.0,5,11,0,10,9.508716323296355
2013725,18573,6,8.677486742728588,0.0,0.0,0.0,0,0.0,0,0.0,0,0,0,0,0,0,0,0.0,3,3,0,2,2.892495580909529
2013725,23922,7,6.6561014263074485,0.2857142857142857,0.2857142857142857,0.0,2,1.901743264659271,2,1.901743264659271,0,2,0,0,0,0,0,0.0,1,6,0,2,1.901743264659271
2013725,795527,22,26.076649545634133,0.09090909090909091,0.045454545454545456,0.045454545454545456,2,2.3706045041485577,1,1.1853022520742789,0,1,1,0,1,0,0,0.0,10,10,2,7,8.297115764519951
2013725,51675,23,21.870047543581617,0.30434782608695654,0.17391304347826086,0.13043478260869565,7,6.6561014263074485,4,3.803486529318542,1,3,3,0,3,2,0,0.08695652173913043,4,17,0,9,8.55784469096672
2015213,957737,3,2.704597816287689,0.6666666666666666,0.6666666666666666,0.0,2,1.8030652108584595,2,1.8030652108584595,1,1,0,0,0,0,0,0.0,1,2,0,1,0.9015326054292297
2013725,560917,14,16.594231529039902,0.14285714285714285,0.14285714285714285,0.0,2,2.3706045041485577,2,2.3706045041485577,0,2,0,0,0,1,0,0.07142857142857142,3,11,0,3,3.5559067562228366
2013725,560916,30,28.526148969889064,0.06666666666666667,0.06666666666666667,0.0,2,1.901743264659271,2,1.901743264659271,0,2,0,0,0,0,0,0.0,14,15,0,7,6.6561014263074485
2013725,133854,39,37.08399366085578,0.10256410256410256,0.07692307692307693,0.02564102564102564,4,3.803486529318542,3,2.8526148969889062,0,3,1,0,1,0,0,0.0,25,12,0,14,13.312202852614897
2011166,11117,20,18.214936247723134,0.25,0.15,0.1,5,4.553734061930784,3,2.7322404371584703,0,3,2,0,2,0,0,0.0,7,11,1,6,5.464480874316941
2011166,29075,20,21.655437921077958,0.2,0.2,0.0,4,4.331087584215592,4,4.331087584215592,0,4,0,0,0,0,0,0.0,7,11,0,9,9.744947064485082
2013725,51000,7,6.6561014263074485,0.42857142857142855,0.42857142857142855,0.0,3,2.8526148969889062,3,2.8526148969889062,0,3,0,0,0,0,0,0.0,2,4,0,2,1.901743264659271
2011166,23909,17,15.482695810564664,0.11764705882352941,0.0,0.11764705882352941,2,1.8214936247723135,0,0.0,0,0,2,0,2,1,0,0.058823529411764705,2,15,0,2,1.8214936247723135
2011166,50955,14,12.750455373406194,0.14285714285714285,0.07142857142857142,0.07142857142857142,2,1.8214936247723135,1,0.9107468123861567,0,1,1,0,1,0,0,0.0,7,6,0,5,4.553734061930784
2011166,26969,3,4.601226993865031,0.0,0.0,0.0,0,0.0,0,0.0,0,0,0,0,0,0,0,0.0,0,3,0,1,1.5337423312883436
2011166,159688,14,12.750455373406194,0.07142857142857142,0.07142857142857142,0.0,1,0.9107468123861567,1,0.9107468123861567,0,1,0,0,0,0,0,0.0,5,8,0,6,5.464480874316941
2011166,27003,6,9.202453987730062,0.0,0.0,0.0,0,0.0,0,0.0,0,0,0,0,0,0,0,0.0,3,3,0,2,3.067484662576687
2013725,560894,4,3.803486529318542,0.75,0.5,0.25,3,2.8526148969889062,2,1.901743264659271,0,2,1,0,1,0,0,0.0,3,1,0,1,0.9508716323296355
2011166,799092,9,13.803680981595091,0.0,0.0,0.0,0,0.0,0,0.0,0,0,0,0,0,0,0,0.0,0,8,1,2,3.067484662576687
2011166,50977,13,11.839708561020037,0.07692307692307693,0.07692307692307693,0.0,1,0.9107468123861567,1,0.9107468123861567,0,1,0,0,0,1,1,0.07692307692307693,8,5,0,7,6.375227686703097
2011166,957734,8,7.285974499089254,0.25,0.125,0.125,2,1.8214936247723135,1,0.9107468123861567,0,1,1,0,1,3,0,0.375,0,6,1,2,1.8214936247723135
2013725,25534,9,24.98457742134485,0.1111111111111111,0.1111111111111111,0.0,1,2.7760641579272054,1,2.7760641579272054,0,1,0,0,0,0,0,0.0,5,4,0,3,8.328192473781616
2011166,11885,15,19.838354151359294,0.0,0.0,0.0,0,0.0,0,0.0,0,0,0,0,0,0,0,0.0,9,6,0,8,10.580455547391624
2011166,972687,4,8.97084475454772,0.25,0.25,0.0,1,2.24271118863693,1,2.24271118863693,0,1,0,0,0,0,0,0.0,0,3,0,2,4.48542237727386
2006229,26095,26,30.3975058456742,0.11538461538461539,0.11538461538461539,0.0,3,3.5074045206547155,3,3.5074045206547155,0,3,0,0,0,0,0,0.0,8,16,2,4,4.676539360872954
2006229,159941,20,23.38269680436477,0.05,0.0,0.05,1,1.1691348402182384,0,0.0,0,0,1,1,0,0,0,0.0,6,12,1,4,4.676539360872954
2011166,811820,6,5.464480874316941,0.3333333333333333,0.0,0.3333333333333333,2,1.8214936247723135,0,0.0,0,0,2,2,0,0,0,0.0,2,3,0,5,4.553734061930784
2006229,11891,3,2.7341772151898733,0.0,0.0,0.0,0,0.0,0,0.0,0,0,0,0,0,0,0,0.0,1,2,0,0,0.0
2011166,9175,3,3.9676708302718593,0.3333333333333333,0.3333333333333333,0.0,1,1.322556943423953,1,1.322556943423953,0,1,0,0,0,0,0,0.0,2,1,0,1,1.322556943423953
2006229,159945,35,36.572622779519335,0.2,0.11428571428571428,0.08571428571428572,7,7.3145245559038665,4,4.179728317659352,0,4,3,0,3,0,0,0.0,11,22,1,7,7.3145245559038665
2006229,51044,25,22.78481012658228,0.12,0.12,0.0,3,2.7341772151898733,3,2.7341772151898733,0,3,0,0,0,1,0,0.04,9,15,0,3,2.7341772151898733
2006229,51014,16,14.582278481012658,0.0625,0.0625,0.0,1,0.9113924050632911,1,0.9113924050632911,0,1,0,0,0,0,0,0.0,6,9,1,3,2.7341772151898733
2011166,51017,6,5.464480874316941,0.3333333333333333,0.3333333333333333,0.0,2,1.8214936247723135,2,1.8214936247723135,0,2,0,0,0,0,0,0.0,0,5,0,1,0.9107468123861567
2006229,50992,8,7.291139240506329,0.125,0.125,0.0,1,0.9113924050632911,1,0.9113924050632911,0,1,0,0,0,0,0,0.0,2,6,0,3,2.7341772151898733
2011166,51685,5,4.553734061930784,0.2,0.2,0.0,1,0.9107468123861567,1,0.9107468123861567,0,1,0,0,0,0,0,0.0,0,4,0,3,2.7322404371584703
2006229,808580,6,6.375442739079102,0.0,0.0,0.0,0,0.0,0,0.0,0,0,0,0,0,0,0,0.0,2,2,0,4,4.250295159386068
2011166,51015,7,6.375227686703097,0.14285714285714285,0.14285714285714285,0.0,1,0.9107468123861567,1,0.9107468123861567,0,1,0,0,0,1,0,0.14285714285714285,0,6,0,3,2.7322404371584703
2006229,963054,11,15.43980037429819,0.09090909090909091,0.09090909090909091,0.0,1,1.40361821584529,1,1.40361821584529,0,1,0,0,0,0,0,0.0,7,4,0,1,1.40361821584529
2011166,795521,4,11.703511053315994,0.0,0.0,0.0,0,0.0,0,0.0,0,0,0,0,0,0,0,0.0,2,1,0,4,11.703511053315994
2011166,157294,5,7.616790792146243,0.0,0.0,0.0,0,0.0,0,0.0,0,0,0,0,0,0,0,0.0,1,3,0,4,6.093432633716994
2006229,50980,36,49.90757855822551,0.05555555555555555,0.05555555555555555,0.0,2,2.7726432532347505,2,2.7726432532347505,0,2,0,0,0,0,0,0.0,17,19,0,4,5.545286506469501
2006229,7252,15,15.673981191222571,0.13333333333333333,0.06666666666666667,0.06666666666666667,2,2.089864158829676,1,1.044932079414838,0,1,1,1,0,0,0,0.0,2,12,1,3,3.1347962382445145
2006229,104563,7,6.379746835443038,0.42857142857142855,0.2857142857142857,0.14285714285714285,3,2.7341772151898733,2,1.8227848101265822,0,2,1,0,1,0,0,0.0,1,6,0,1,0.9113924050632911
2011166,51028,4,3.642987249544627,0.0,0.0,0.0,0,0.0,0,0.0,0,0,0,0,0,1,0,0.25,0,3,0,1,0.9107468123861567
2006229,6871,24,21.873417721518987,0.08333333333333333,0.08333333333333333,0.0,2,1.8227848101265822,2,1.8227848101265822,0,2,0,0,0,0,0,0.0,12,12,0,5,4.556962025316456
2006229,12120,10,18.967334035827186,0.0,0.0,0.0,0,0.0,0,0.0,0,0,0,0,0,0,0,0.0,3,6,0,3,5.690200210748156
2006229,9520,5,4.556962025316456,0.2,0.0,0.2,1,0.9113924050632911,0,0.0,0,0,1,0,1,0,0,0.0,2,3,0,4,3.6455696202531644
2006229,51648,19,26.34011090573013,0.05263157894736842,0.05263157894736842,0.0,1,1.3863216266173752,1,1.3863216266173752,0,1,0,0,0,0,0,0.0,4,13,0,6,8.317929759704251
2006229,5805,4,3.6455696202531644,0.0,0.0,0.0,0,0.0,0,0.0,0,0,0,0,0,0,0,0.0,1,3,0,0,0.0
2006229,11895,3,4.1589648798521255,0.0,0.0,0.0,0,0.0,0,0.0,0,0,0,0,0,0,0,0.0,2,1,0,0,0.0
2006229,51655,7,12.280701754385966,0.14285714285714285,0.0,0.14285714285714285,1,1.7543859649122808,0,0.0,0,0,1,0,1,1,0,0.14285714285714285,2,5,0,1,1.7543859649122808
2006229,114464,3,2.7341772151898733,1.0,0.3333333333333333,0.6666666666666666,3,2.7341772151898733,1,0.9113924050632911,0,1,2,2,0,0,0,0.0,1,2,0,0,0.0
2006229,771857,13,33.78573491192607,0.07692307692307693,0.0,0.07692307692307693,1,2.598902685532775,0,0.0,0,0,1,0,1,0,0,0.0,3,9,1,5,12.994513427663874
1996435,795547,5,6.478548805067666,0.0,0.0,0.0,0,0.0,0,0.0,0,0,0,0,0,0,0,0.0,2,3,0,1,1.295709761013533
1996435,28293,13,12.1875,0.15384615384615385,0.15384615384615385,0.0,2,1.875,2,1.875,0,2,0,0,0,0,0,0.0,3,9,0,6,5.625
1996435,51646,22,22.927281148679945,0.22727272727272727,0.18181818181818182,0.045454545454545456,5,5.210745715609078,4,4.168596572487263,0,4,1,0,1,0,0,0.0,12,10,0,6,6.252894858730894
1996435,18573,27,25.3125,0.14814814814814814,0.1111111111111111,0.037037037037037035,4,3.75,3,2.8125,0,3,1,1,0,0,0,0.0,12,13,1,9,8.4375
1996435,51686,27,40.065952184666116,0.037037037037037035,0.0,0.037037037037037035,1,1.483924154987634,0,0.0,0,0,1,0,1,0,0,0.0,15,11,0,8,11.871393239901073
1996435,998256,4,3.75,0.0,0.0,0.0,0,0.0,0,0.0,0,0,0,0,0,0,0,0.0,1,2,0,1,0.9375
1996435,50949,9,13.355317394888706,0.1111111111111111,0.1111111111111111,0.0,1,1.483924154987634,1,1.483924154987634,0,1,0,0,0,0,0,0.0,2,6,0,3,4.451772464962902
1996435,51045,33,30.9375,0.15151515151515152,0.12121212121212122,0.030303030303030304,5,4.6875,4,3.75,0,4,1,0,1,1,1,0.030303030303030304,14,19,0,11,10.3125
1996435,51000,12,11.25,0.16666666666666666,0.16666666666666666,0.0,2,1.875,2,1.875,0,2,0,0,0,0,0,0.0,5,7,0,1,0.9375
1996435,133852,20,18.75,0.3,0.2,0.1,6,5.625,4,3.75,0,4,2,2,0,1,1,0.05,11,8,0,5,4.6875
1996435,51005,3,2.8125,0.6666666666666666,0.6666666666666666,0.0,2,1.875,2,1.875,0,2,0,0,0,0,0,0.0,1,1,0,1,0.9375
1996435,560893,26,24.375,0.07692307692307693,0.038461538461538464,0.038461538461538464,2,1.875,1,0.9375,0,1,1,0,1,1,1,0.038461538461538464,9,15,0,11,10.3125
1996435,42513,22,22.927281148679945,0.18181818181818182,0.13636363636363635,0.045454545454545456,4,4.168596572487263,3,3.126447429365447,0,3,1,0,1,0,0,0.0,9,12,0,7,7.29504400185271
1996435,50959,29,36.024844720496894,0.06896551724137931,0.06896551724137931,0.0,2,2.484472049689441,2,2.484472049689441,0,2,0,0,0,0,0,0.0,16,13,0,9,11.180124223602483
2006229,966117,9,23.94324563996453,0.2222222222222222,0.2222222222222222,0.0,2,5.320721253325451,2,5.320721253325451,0,2,0,0,0,0,0,0.0,3,4,2,2,5.320721253325451
1996435,17231,40,43.165467625899275,0.15,0.125,0.025,6,6.474820143884892,5,5.395683453237409,1,4,1,0,1,0,0,0.0,24,13,1,6,6.474820143884892
2006229,179963,12,31.924327519952705,0.16666666666666666,0.08333333333333333,0.08333333333333333,2,5.320721253325451,1,2.6603606266627255,0,1,1,0,1,0,0,0.0,8,4,0,6,15.962163759976352
2006229,966118,9,23.94324563996453,0.0,0.0,0.0,0,0.0,0,0.0,0,0,0,0,0,0,0,0.0,4,5,0,4,10.641442506650902
1996435,973078,6,5.625,0.3333333333333333,0.3333333333333333,0.0,2,1.875,2,1.875,0,2,0,0,0,0,0,0.0,2,4,0,2,1.875
1996435,25534,26,29.835522121637126,0.11538461538461539,0.11538461538461539,0.0,3,3.442560244804284,3,3.442560244804284,0,3,0,0,0,0,0,0.0,16,9,0,4,4.590080326405712
1996435,797295,12,30.55162659123055,0.08333333333333333,0.08333333333333333,0.0,1,2.545968882602546,1,2.545968882602546,0,1,0,0,0,1,0,0.08333333333333333,5,7,0,3,7.637906647807638
1996435,51644,3,2.8125,0.0,0.0,0.0,0,0.0,0,0.0,0,0,0,0,0,0,0,0.0,1,1,0,1,0.9375
1996435,560895,5,12.72984441301273,0.2,0.0,0.2,1,2.545968882602546,0,0.0,0,0,1,1,0,0,0,0.0,0,5,0,2,5.091937765205092
1996435,809759,4,3.75,0.25,0.25,0.0,1,0.9375,1,0.9375,0,1,0,0,0,0,0,0.0,0,4,0,0,0.0
1953632,10549,3,3.51288056206089,0.6666666666666666,0.3333333333333333,0.3333333333333333,2,2.34192037470726,1,1.17096018735363,1,0,1,0,1,0,0,0.0,0,3,0,0,0.0
1953632,771857,23,26.8970893970894,0.17391304347826086,0.13043478260869565,0.043478260869565216,4,4.677754677754678,3,3.5083160083160085,0,3,1,0,1,0,0,0.0,10,13,0,9,10.524948024948026
1953632,34423,17,15.498379254457051,0.17647058823529413,0.058823529411764705,0.11764705882352941,3,2.735008103727715,1,0.9116693679092382,1,0,2,0,2,0,0,0.0,3,14,0,2,1.8233387358184765
1953632,808609,13,24.2436800663075,0.0,0.0,0.0,0,0.0,0,0.0,0,0,0,0,0,0,0,0.0,3,8,1,3,5.594695399917116
1953632,29856,26,23.703403565640194,0.07692307692307693,0.038461538461538464,0.038461538461538464,2,1.8233387358184765,1,0.9116693679092382,0,1,1,0,1,0,0,0.0,3,22,1,5,4.558346839546191
1953632,51039,8,12.607249168271757,0.0,0.0,0.0,0,0.0,0,0.0,0,0,0,0,0,0,0,0.0,0,7,0,2,3.1518122920679392
1953632,11891,11,10.028363047001621,0.2727272727272727,0.2727272727272727,0.0,3,2.735008103727715,3,2.735008103727715,1,2,0,0,0,0,0,0.0,4,7,0,2,1.8233387358184765
1953632,795508,30,30.934922089825847,0.2,0.13333333333333333,0.06666666666666667,6,6.18698441796517,4,4.124656278643446,1,3,2,1,1,0,0,0.0,5,24,0,8,8.249312557286892
1953632,23930,12,10.94003241491086,0.08333333333333333,0.08333333333333333,0.0,1,0.9116693679092382,1,0.9116693679092382,0,1,0,0,0,0,0,0.0,2,10,0,7,6.381685575364668
1953632,51681,9,8.205024311183145,0.1111111111111111,0.1111111111111111,0.0,1,0.9116693679092382,1,0.9116693679092382,0,1,0,0,0,0,0,0.0,4,4,0,3,2.735008103727715
1953632,795511,5,4.558346839546191,0.2,0.2,0.0,1,0.9116693679092382,1,0.9116693679092382,1,0,0,0,0,0,0,0.0,0,5,0,0,0.0
1953632,104563,15,13.675040518638573,0.2,0.13333333333333333,0.06666666666666667,3,2.735008103727715,2,1.8233387358184765,1,1,1,0,1,0,0,0.0,3,12,0,5,4.558346839546191
1953632,795151,38,37.90733761915318,0.13157894736842105,0.10526315789473684,0.02631578947368421,5,4.987807581467524,4,3.990246065174019,0,4,1,0,1,0,0,0.0,20,17,0,6,5.985369097761029
1953632,51668,44,40.113452188006484,0.022727272727272728,0.022727272727272728,0.0,1,0.9116693679092382,1,0.9116693679092382,0,1,0,0,0,0,0,0.0,11,33,0,6,5.47001620745543
1953632,51051,7,6.381685575364668,0.0,0.0,0.0,0,0.0,0,0.0,0,0,0,0,0,0,0,0.0,2,5,0,0,0.0
1953632,771861,15,17.541580041580044,0.13333333333333333,0.06666666666666667,0.06666666666666667,2,2.338877338877339,1,1.1694386694386696,0,1,1,0,1,0,0,0.0,5,9,0,6,7.016632016632017
1953632,22937,9,20.428751576292562,0.2222222222222222,0.2222222222222222,0.0,2,4.539722572509458,2,4.539722572509458,0,2,0,0,0,0,0,0.0,6,3,0,1,2.269861286254729
1953632,50992,3,2.735008103727715,0.0,0.0,0.0,0,0.0,0,0.0,0,0,0,0,0,0,0,0.0,2,1,0,1,0.9116693679092382
1953632,771856,15,22.858110396207245,0.0,0.0,0.0,0,0.0,0,0.0,0,0,0,0,0,0,0,0.0,6,9,0,2,3.047748052827633
1953632,795515,13,28.125,0.15384615384615385,0.07692307692307693,0.07692307692307693,2,4.326923076923077,1,2.1634615384615383,0,1,1,0,1,0,0,0.0,6,7,0,3,6.490384615384615
1953632,795509,11,19.62338949454906,0.18181818181818182,0.0,0.18181818181818182,2,3.5678889990089195,0,0.0,0,0,2,2,0,0,0,0.0,1,7,1,5,8.919722497522299
1925299,795541,6,17.982017982017982,0.16666666666666666,0.16666666666666666,0.0,1,2.9970029970029968,1,2.9970029970029968,0,1,0,0,0,0,0,0.0,2,4,0,1,2.9970029970029968
1925299,560983,6,5.287378830901792,0.0,0.0,0.0,0,0.0,0,0.0,0,0,0,0,0,0,0,0.0,2,4,0,1,0.8812298051502987
1925299,11897,4,3.524919220601195,0.75,0.75,0.0,3,2.643689415450896,3,2.643689415450896,1,2,0,0,0,0,0,0.0,0,4,0,0,0.0
1925299,795533,8,20.94240837696335,0.0,0.0,0.0,0,0.0,0,0.0,0,0,0,0,0,0,0,0.0,0,8,0,2,5.2356020942408374
1925299,797298,14,17.47572815533981,0.14285714285714285,0.07142857142857142,0.07142857142857142,2,2.4965325936199725,1,1.2482662968099862,0,1,1,0,1,0,0,0.0,7,5,1,5,6.241331484049931
1925299,287934,8,7.04983844120239,0.5,0.125,0.375,4,3.524919220601195,1,0.8812298051502987,0,1,3,1,2,0,0,0.0,2,6,0,4,3.524919220601195
1925299,51694,10,8.812298051502987,0.1,0.1,0.0,1,0.8812298051502987,1,0.8812298051502987,0,1,0,0,0,0,0,0.0,2,8,0,1,0.8812298051502987
1925299,560986,20,20.100502512562816,0.1,0.1,0.0,2,2.0100502512562817,2,2.0100502512562817,0,2,0,0,0,0,0,0.0,3,17,0,9,9.045226130653267
1925299,51002,7,6.168608636052091,0.2857142857142857,0.0,0.2857142857142857,2,1.7624596103005974,0,0.0,0,0,2,1,1,0,0,0.0,5,2,0,6,5.287378830901792
1925299,560987,11,14.612546125461254,0.2727272727272727,0.09090909090909091,0.18181818181818182,3,3.985239852398524,1,1.3284132841328413,0,1,2,0,2,0,0,0.0,5,5,0,4,5.313653136531365
1925299,795530,15,13.21844707725448,0.13333333333333333,0.13333333333333333,0.0,2,1.7624596103005974,2,1.7624596103005974,0,2,0,0,0,0,0,0.0,4,10,0,2,1.7624596103005974
1925299,560882,27,33.70319001386963,0.18518518518518517,0.07407407407407407,0.1111111111111111,5,6.241331484049931,2,2.4965325936199725,0,2,3,1,2,0,0,0.0,14,13,0,4,4.993065187239945
1925299,795537,25,22.030745128757466,0.28,0.12,0.16,7,6.168608636052091,3,2.643689415450896,0,3,4,0,4,0,0,0.0,12,13,0,5,4.4061490257514935
1925299,51043,3,3.7447988904299585,0.3333333333333333,0.3333333333333333,0.0,1,1.2482662968099862,1,1.2482662968099862,0,1,0,0,0,0,0,0.0,0,3,0,2,2.4965325936199725
1925299,560984,16,14.53077699293643,0.0625,0.0625,0.0,1,0.9081735620585268,1,0.9081735620585268,0,1,0,0,0,0,0,0.0,6,10,0,3,2.7245206861755804
1925299,560988,8,20.94240837696335,0.125,0.0,0.125,1,2.6178010471204187,0,0.0,0,0,1,0,1,0,0,0.0,2,4,0,3,7.853403141361256
1925299,966114,8,10.62730627306273,0.375,0.375,0.0,3,3.985239852398524,3,3.985239852398524,0,3,0,0,0,0,0,0.0,1,5,2,3,3.985239852398524
1925299,966112,32,42.50922509225092,0.1875,0.1875,0.0,6,7.970479704797048,6,7.970479704797048,0,6,0,0,0,0,0,0.0,8,21,3,5,6.642066420664206
1899585,26969,10,8.924144769459595,0.2,0.1,0.1,2,1.7848289538919189,1,0.8924144769459594,0,1,1,0,1,0,0,0.0,2,6,0,5,4.462072384729797
1899585,38673,33,29.44967773921666,0.18181818181818182,0.12121212121212122,0.06060606060606061,6,5.354486861675756,4,3.5696579077838377,0,4,2,0,2,0,0,0.0,18,14,0,8,7.1393158155676755
1899585,4322,7,6.246901338621716,0.2857142857142857,0.14285714285714285,0.14285714285714285,2,1.7848289538919189,1,0.8924144769459594,0,1,1,0,1,0,0,0.0,1,5,0,2,1.7848289538919189
1899585,27003,18,19.2102454642476,0.1111111111111111,0.1111111111111111,0.0,2,2.134471718249733,2,2.134471718249733,0,2,0,0,0,0,0,0.0,4,12,1,11,11.739594450373533
1899585,51046,7,9.72972972972973,0.0,0.0,0.0,0,0.0,0,0.0,0,0,0,0,0,0,0,0.0,1,6,0,4,5.55984555984556
1899585,133498,5,4.462072384729797,0.0,0.0,0.0,0,0.0,0,0.0,0,0,0,0,0,0,0,0.0,2,2,0,1,0.8924144769459594
1899585,23418,20,17.84828953891919,0.2,0.05,0.15,4,3.5696579077838377,1,0.8924144769459594,0,1,3,2,1,0,0,0.0,7,13,0,7,6.246901338621716
1899585,965685,10,14.365522745411013,0.4,0.4,0.0,4,5.746209098164406,4,5.746209098164406,1,3,0,0,0,0,0,0.0,3,5,1,6,8.619313647246608
1925299,966115,4,10.471204188481675,0.0,0.0,0.0,0,0.0,0,0.0,0,0,0,0,0,0,0,0.0,1,3,0,2,5.2356020942408374
1899585,133495,10,11.369378473976756,0.1,0.1,0.0,1,1.1369378473976757,1,1.1369378473976757,0,1,0,0,0,0,0,0.0,2,7,1,7,7.958564931783729
1899585,51028,5,4.536290322580645,0.2,0.2,0.0,1,0.907258064516129,1,0.907258064516129,0,1,0,0,0,0,0,0.0,1,3,0,2,1.814516129032258
1899585,51015,9,8.031730292513634,0.2222222222222222,0.1111111111111111,0.1111111111111111,2,1.7848289538919189,1,0.8924144769459594,1,0,1,0,1,0,0,0.0,0,6,0,7,6.246901338621716
1899585,33697,3,2.677243430837878,0.3333333333333333,0.3333333333333333,0.0,1,0.8924144769459594,1,0.8924144769459594,0,1,0,0,0,0,0,0.0,2,1,0,2,1.7848289538919189
1899585,133501,13,18.675179569034317,0.23076923076923078,0.0,0.23076923076923078,3,4.309656823623304,0,0.0,0,0,3,0,3,0,0,0.0,8,5,0,3,4.309656823623304
1899585,799092,4,3.5696579077838377,0.5,0.5,0.0,2,1.7848289538919189,2,1.7848289538919189,1,1,0,0,0,0,0,0.0,0,4,0,1,0.8924144769459594
1899585,51017,10,13.8996138996139,0.1,0.0,0.1,1,1.38996138996139,0,0.0,0,0,1,0,1,0,0,0.0,4,6,0,4,5.55984555984556
1899585,23909,15,13.38621715418939,0.3333333333333333,0.3333333333333333,0.0,5,4.462072384729797,5,4.462072384729797,0,5,0,0,0,0,0,0.0,4,9,1,7,6.246901338621716
1899585,50951,25,30.779753761969907,0.12,0.12,0.0,3,3.693570451436389,3,3.693570451436389,0,3,0,0,0,0,0,0.0,10,14,0,6,7.387140902872778
1886347,795507,30,43.86677497969131,0.06666666666666667,0.03333333333333333,0.03333333333333333,2,2.924451665312754,1,1.462225832656377,0,1,1,0,1,0,0,0.0,10,15,3,8,11.697806661251017
1886347,50978,11,11.47693021099003,0.09090909090909091,0.0,0.09090909090909091,1,1.0433572919081846,0,0.0,0,0,1,0,1,1,0,0.09090909090909091,1,6,2,5,5.216786459540923
1886347,50983,8,7.317073170731707,0.125,0.125,0.0,1,0.9146341463414633,1,0.9146341463414633,1,0,0,0,0,0,0,0.0,2,5,0,6,5.48780487804878
1886347,51713,14,12.804878048780488,0.14285714285714285,0.14285714285714285,0.0,2,1.8292682926829267,2,1.8292682926829267,1,1,0,0,0,0,0,0.0,6,7,0,5,4.573170731707317
1886347,14736,13,11.890243902439023,0.3076923076923077,0.23076923076923078,0.07692307692307693,4,3.6585365853658534,3,2.74390243902439,1,2,1,0,1,1,0,0.07692307692307693,3,10,0,3,2.74390243902439
1886347,133498,11,10.060975609756097,0.0,0.0,0.0,0,0.0,0,0.0,0,0,0,0,0,1,0,0.09090909090909091,5,6,0,5,4.573170731707317
1886347,735574,7,6.402439024390244,0.2857142857142857,0.14285714285714285,0.14285714285714285,2,1.8292682926829267,1,0.9146341463414633,0,1,1,0,1,1,0,0.14285714285714285,1,6,0,1,0.9146341463414633
1886347,965685,22,20.121951219512194,0.13636363636363635,0.09090909090909091,0.045454545454545456,3,2.74390243902439,2,1.8292682926829267,0,2,1,1,0,0,0,0.0,10,11,1,6,5.48780487804878
1899585,43829,10,23.56020942408377,0.1,0.0,0.1,1,2.3560209424083767,0,0.0,0,0,1,0,1,0,0,0.0,3,6,0,6,14.136125654450261
1886347,23418,28,25.609756097560975,0.14285714285714285,0.10714285714285714,0.03571428571428571,4,3.6585365853658534,3,2.74390243902439,1,2,1,0,1,1,0,0.03571428571428571,12,15,1,8,7.317073170731707
1886347,133501,21,26.55240236021354,0.14285714285714285,0.09523809523809523,0.047619047619047616,3,3.793200337173363,2,2.528800224782242,0,2,1,0,1,0,0,0.0,12,9,0,3,3.793200337173363
1886347,50951,23,26.569118213323065,0.13043478260869565,0.13043478260869565,0.0,3,3.4655371582595302,3,3.4655371582595302,1,2,0,0,0,1,0,0.043478260869565216,7,15,0,8,9.241432422025415
1886347,966120,26,33.90321645899739,0.19230769230769232,0.11538461538461539,0.07692307692307693,5,6.51984931903796,3,3.911909591422776,0,3,2,1,1,0,0,0.0,9,17,0,1,1.303969863807592
1886347,795505,18,18.78043125434732,0.05555555555555555,0.05555555555555555,0.0,1,1.0433572919081846,1,1.0433572919081846,0,1,0,0,0,0,0,0.0,3,13,2,3,3.1300718757245534
1886347,38673,44,45.70109636468551,0.045454545454545456,0.022727272727272728,0.022727272727272728,2,2.0773225620311595,1,1.0386612810155798,0,1,1,0,1,1,0,0.022727272727272728,21,20,1,9,9.347951529140218
1899585,6799,6,14.958448753462603,0.3333333333333333,0.16666666666666666,0.16666666666666666,2,4.986149584487534,1,2.493074792243767,0,1,1,0,1,0,0,0.0,0,4,0,4,9.972299168975068
1886347,735573,22,20.121951219512194,0.09090909090909091,0.0,0.09090909090909091,2,1.8292682926829267,0,0.0,0,0,2,1,1,0,0,0.0,4,18,0,6,5.48780487804878
1886347,51667,4,3.6585365853658534,0.5,0.0,0.5,2,1.8292682926829267,0,0.0,0,0,2,1,1,0,0,0.0,2,2,0,1,0.9146341463414633
1899585,965684,10,23.56020942408377,0.3,0.3,0.0,3,7.0680628272251305,3,7.0680628272251305,0,3,0,0,0,0,0,0.0,2,6,1,3,7.0680628272251305
1886347,735578,7,6.402439024390244,0.0,0.0,0.0,0,0.0,0,0.0,0,0,0,0,0,1,0,0.14285714285714285,0,7,0,2,1.8292682926829267
1886347,560992,3,7.327001356852103,0.0,0.0,0.0,0,0.0,0,0.0,0,0,0,0,0,0,0,0.0,1,2,0,1,2.4423337856173677
