match_id,player_id,sprint_count,sprints_per_90,sprint_distance_m,sprint_distance_per_90,avg_sprint_speed_kmh,max_sprint_speed_kmh,high_value_sprint_pct,attacking_sprint_pct,defensive_sprint_pct,sprints_in_shot_possessions_pct,sprints_in_goal_possessions_pct,sprints_in_attacking_third_pct,high_value_sprints_per_90
2017461,33697,5,4.619174707452268,76.25261142530937,70.44482681459499,26.697025316417438,27.960792983649263,0.4,0.2,0.8,0.0,0.0,0.8,1.8476698829809075
2017461,23418,5,5.56792873051225,154.70112001604244,172.27296215594927,27.28086196408657,28.816296124744703,0.8,0.4,0.6,0.0,0.0,0.6,4.4543429844098
2017461,133501,7,8.282934525374705,157.84966134487604,186.77977282459693,26.167114780610216,27.136195710235825,0.8571428571428571,0.7142857142857143,0.2857142857142857,0.2857142857142857,0.0,0.8571428571428571,7.09965816460689
2017461,51685,6,5.543009648942722,104.62863293729896,96.65958698785573,26.8784392399488,28.29501696804219,0.6666666666666666,0.16666666666666666,0.8333333333333334,0.16666666666666666,0.0,0.8333333333333334,3.6953397659618146
2017461,582974,10,14.168765743073047,216.68679182405143,307.0184392973021,27.25285559853101,28.97479349196418,0.8,0.5,0.5,0.3,0.0,0.7,11.335012594458439
2017461,133498,6,6.6815144766147,184.686178314746,205.66389567343654,27.60536069560492,29.306111307661663,0.8333333333333334,0.5,0.5,0.0,0.0,0.6666666666666666,5.56792873051225
2017461,157294,6,5.543009648942722,157.67080011520324,145.66179439918182,27.47578659440242,29.08232566879238,1.0,0.3333333333333333,0.6666666666666666,0.16666666666666666,0.0,1.0,5.543009648942722
2017461,50955,6,6.401137980085348,90.36407533106076,96.40548577282442,26.262129654219805,27.15463664340064,0.6666666666666666,0.5,0.5,0.16666666666666666,0.0,0.6666666666666666,4.267425320056899
2017461,11885,7,8.97052541648868,128.57470782383282,164.768954921614,27.500843583052955,28.98189224032573,0.7142857142857143,0.8571428571428571,0.14285714285714285,0.0,0.0,0.5714285714285714,6.407518154634772
2017461,51013,4,6.1037639877924725,64.41799762622831,98.29806351916834,26.746124540882327,28.04810321975616,0.5,0.25,0.75,0.5,0.0,0.5,3.0518819938962363
2017461,159688,5,4.619174707452268,97.39756947442244,89.97927789671546,26.927407116045497,28.08207475616205,0.6,0.2,0.8,0.2,0.0,0.6,2.771504824471361
2017461,4322,6,5.543009648942722,130.61980495889162,120.6711398716921,27.261275686009792,28.518308153669636,0.8333333333333334,0.3333333333333333,0.6666666666666666,0.16666666666666666,0.0,0.8333333333333334,4.619174707452268
2017461,43829,5,13.274336283185841,141.09996764223527,374.6016840059343,26.847467004430747,28.07717808359133,0.6,0.4,0.6,0.2,0.0,0.6,7.964601769911504
2017461,50977,3,7.02576112412178,59.90665454080496,140.2966148496603,27.43526898310321,29.52368188675273,0.3333333333333333,0.0,1.0,0.0,0.0,0.6666666666666666,2.34192037470726
2017461,38673,9,8.314514473414084,155.6038306957908,143.75225582653636,26.215528162688464,27.005561560871556,0.2222222222222222,0.3333333333333333,0.6666666666666666,0.1111111111111111,0.0,0.1111111111111111,1.8476698829809075
2017461,11117,9,9.601706970128022,153.79734297861407,164.0796688961032,26.705356509878282,27.96330552738943,0.4444444444444444,0.7777777777777778,0.2222222222222222,0.0,0.0,0.3333333333333333,4.267425320056899
2017461,29075,7,8.97052541648868,107.29157176020715,137.49453877856533,26.60743283243588,27.846048768759054,0.8571428571428571,0.7142857142857143,0.2857142857142857,0.0,0.0,1.0,7.689021785561725
2017461,51667,6,5.543009648942722,101.9658419638939,94.19960764473875,26.325954920232206,27.27553075598402,0.6666666666666666,0.0,1.0,0.0,0.0,0.8333333333333334,3.6953397659618146
2015213,26844,13,15.755453810934553,238.47803077445298,289.02535375304024,26.95368720951187,28.234981320564234,0.7692307692307693,0.46153846153846156,0.5384615384615384,0.15384615384615385,0.0,0.5384615384615384,12.11957985456504
2017461,800322,15,13.857524122356805,383.98651676291365,354.7401612467894,26.95758474767284,28.23285560693909,0.7333333333333333,0.26666666666666666,0.7333333333333333,0.26666666666666666,0.0,0.6666666666666666,10.16218435639499
2015213,23883,4,3.606130421716919,60.076748358734406,54.161147473566025,26.336889144950188,27.41766106934376,0.5,0.5,0.5,0.5,0.25,0.75,1.8030652108584595
2015213,23418,4,7.49219562955255,111.58927456420372,209.01216879871666,27.074537072378803,28.629552908809586,1.0,0.25,0.75,0.5,0.0,1.0,7.49219562955255
2017461,745320,3,9.933774834437086,51.70950028160818,171.22351086625227,27.072325147025776,28.42089447146923,0.6666666666666666,1.0,0.0,0.3333333333333333,0.0,0.3333333333333333,6.622516556291391
2015213,4322,16,14.424521686867676,308.132908300505,277.7918636386402,26.861082218088818,28.101517689224668,0.5625,0.625,0.375,0.0625,0.0,0.5,8.113793448863067
2015213,33697,7,7.544910179640719,137.05535995786272,147.72434007434305,26.74342584888086,28.009968832939403,0.2857142857142857,0.0,1.0,0.0,0.0,1.0,2.155688622754491
2017461,811820,6,5.543009648942722,97.438512779234,90.01710275232047,26.479985363100926,27.594708610507066,0.6666666666666666,0.6666666666666666,0.3333333333333333,0.0,0.0,1.0,3.6953397659618146
2015213,23922,10,9.015326054292297,229.4923204142084,206.89480954902092,26.911368071605676,27.949996518663273,0.8,0.4,0.6,0.1,0.0,0.7,7.212260843433838
2017461,965685,7,18.58407079646018,160.35160020973413,425.7122129461968,26.86529895422675,28.004081558838383,0.7142857142857143,0.7142857142857143,0.2857142857142857,0.14285714285714285,0.0,0.5714285714285714,13.274336283185843
2015213,14736,5,4.507663027146148,103.28783441915542,93.11735047304406,26.67397524078965,27.7265850041632,0.8,0.0,1.0,0.0,0.0,1.0,3.606130421716919
2017461,624628,12,17.002518891687657,267.35020640379463,378.80224458975937,26.782131706471905,28.099168061825925,0.6666666666666666,0.6666666666666666,0.3333333333333333,0.25,0.0,0.75,11.335012594458437
2015213,51008,8,7.212260843433838,128.87677631882258,116.18661593402817,27.054968234596462,28.411388290201767,0.5,0.25,0.75,0.125,0.0,0.5,3.606130421716919
2015213,51713,7,12.16685979142526,201.94876686980962,351.0117616508858,27.42515703931353,29.2044440465875,0.7142857142857143,0.2857142857142857,0.7142857142857143,0.2857142857142857,0.0,0.8571428571428571,8.690614136732329
2015213,133498,7,13.111342351716962,133.9755912301973,250.9428347704008,27.200089700149274,28.460731486329916,0.7142857142857143,0.42857142857142855,0.5714285714285714,0.0,0.0,0.7142857142857143,9.365244536940688
2015213,51667,13,11.719923870579986,211.18686440815046,190.39184410230934,26.54392121302735,27.61367518190345,0.23076923076923078,0.23076923076923078,0.7692307692307693,0.0,0.0,0.38461538461538464,2.704597816287689
2015213,50951,3,5.214368482039397,41.72355199295478,72.52065815693183,25.87441823977373,26.710048805734317,0.3333333333333333,0.0,1.0,0.0,0.0,0.6666666666666666,1.7381228273464657
2015213,560916,14,12.621456476009216,286.99612651191006,258.73636568237913,26.840287276956523,28.31442229393493,0.35714285714285715,0.42857142857142855,0.5714285714285714,0.07142857142857142,0.0,0.35714285714285715,4.507663027146148
2015213,582974,8,14.9843912591051,178.92522988018374,335.1357063312495,27.319982312422255,28.8202052234344,0.875,0.25,0.75,0.125,0.0,0.625,13.111342351716964
2015213,38673,5,4.507663027146148,92.27946717338595,83.19294846844372,27.181554513775733,28.36692951828929,0.6,0.4,0.6,0.2,0.0,0.6,2.704597816287689
2015213,560917,4,7.49219562955255,79.05047851632101,148.0654124135045,25.80969042172199,26.641617828792963,0.5,0.25,0.75,0.0,0.0,0.75,3.746097814776275
2015213,624628,9,29.369108049311098,161.01994189972896,525.4457857496594,26.712151459704593,27.804773328463764,0.4444444444444444,0.5555555555555556,0.4444444444444444,0.1111111111111111,0.0,0.5555555555555556,13.052936910804931
2015213,163972,2,2.491349480968858,24.151179190501708,30.084513870521157,26.162807419976964,27.05292803343771,0.0,0.0,1.0,0.0,0.0,0.0,0.0
2015213,133501,18,16.227586897726134,308.9722573350988,278.54856416066207,26.82273250591348,28.055047699012032,0.5,0.2222222222222222,0.7777777777777778,0.1111111111111111,0.0,0.4444444444444444,8.113793448863067
2015213,51675,3,3.151996264300724,80.58694990838568,84.66992168754041,27.96898845856209,29.611988495721643,0.6666666666666666,0.0,1.0,0.3333333333333333,0.0,0.6666666666666666,2.1013308428671493
2015213,43829,4,6.952491309385863,66.9709706324427,116.40377282579844,26.820503065250573,28.12204241642848,0.75,0.5,0.5,0.25,0.0,0.75,5.214368482039397
2015213,818284,3,10.563380281690142,48.46900034813312,170.66549418356732,26.86696160857059,28.20768631087583,0.6666666666666666,0.6666666666666666,0.3333333333333333,0.0,0.0,0.6666666666666666,7.042253521126761
2013725,23922,16,15.213946117274167,271.91099867242343,258.5524551560286,26.734347908339984,27.89383663882889,0.875,0.5625,0.4375,0.3125,0.0,0.75,13.312202852614897
2013725,25534,2,5.552128315854411,66.94074166763119,185.83179364857517,25.797088483205687,26.36514777691947,0.5,0.0,1.0,0.0,0.0,0.0,2.7760641579272054
2015213,809670,10,17.381228273464657,187.72784021853911,326.2940444122928,26.7315796122336,27.790337456663565,0.8,0.1,0.9,0.4,0.0,0.8,13.904982618771726
2013725,51000,6,5.7052297939778125,164.2525994562132,156.18313735931523,26.848677229695024,28.42462759608776,0.8333333333333334,0.16666666666666666,0.8333333333333334,0.6666666666666666,0.16666666666666666,0.8333333333333334,4.754358161648177
2015213,957737,5,4.507663027146148,97.18772975785129,87.61790722434755,26.630616258957076,27.746679210996053,0.4,0.6,0.4,0.2,0.0,0.8,1.8030652108584595
2013725,26844,11,11.273058528808928,229.2413651968928,234.93193882623947,26.57830027278354,27.691101530951833,0.8181818181818182,0.5454545454545454,0.45454545454545453,0.2727272727272727,0.18181818181818182,0.6363636363636364,9.223411523570942
2013725,23883,10,9.508716323296355,176.885222584884,168.19514033427953,26.927060052551962,28.20686762234241,0.6,0.0,1.0,0.3,0.0,0.8,5.7052297939778125
2013725,51008,12,14.223627024891346,217.40630740049914,257.6921857769646,27.032676017173177,28.37083800555504,0.5833333333333334,0.25,0.75,0.08333333333333333,0.0,0.5,8.297115764519953
2015213,795529,8,9.695663883652033,140.1803981217977,169.89275290818466,26.924781244486727,28.20370769322592,0.375,0.625,0.375,0.125,0.0,0.625,3.6358739563695126
2015213,818554,4,14.084507042253522,67.48680164429831,237.62958325457151,26.581491488012766,27.58496798384918,0.5,0.5,0.5,0.0,0.0,0.25,7.042253521126761
2013725,2858,7,6.6561014263074485,104.4664767692393,99.33420928929252,26.710927262378988,27.813699133884278,0.7142857142857143,0.5714285714285714,0.42857142857142855,0.14285714285714285,0.0,0.5714285714285714,4.754358161648177
2013725,18573,3,4.338743371364294,62.56644630559454,90.48658472607278,27.1175780711239,28.298166721581538,0.6666666666666666,0.3333333333333333,0.6666666666666666,0.0,0.0,0.6666666666666666,2.892495580909529
2015213,795527,13,13.277349069450748,308.9871816741942,315.579282236467,26.849902210275705,28.228906730803853,0.5384615384615384,0.5384615384615384,0.46153846153846156,0.15384615384615385,0.0,0.6153846153846154,7.1493418066273255
2013725,133854,17,16.164817749603802,377.580287070454,359.03038390217495,26.73649550651183,28.109450780738385,0.7058823529411765,0.7058823529411765,0.29411764705882354,0.17647058823529413,0.0,0.5882352941176471,11.410459587955627
2013725,560916,11,10.45958795562599,243.0758786126502,231.13395747637102,26.9079552811943,28.19669790353986,0.5454545454545454,0.2727272727272727,0.7272727272727273,0.18181818181818182,0.09090909090909091,0.2727272727272727,5.7052297939778125
2013725,51675,10,9.508716323296355,134.72137272418064,128.10273159193088,26.381725142238373,27.249140338105036,0.7,0.3,0.7,0.1,0.0,0.8,6.656101426307448
2013725,133853,10,14.462477904547647,213.59201820500618,308.90698438776406,26.909654710579524,28.31481957703076,0.5,0.8,0.2,0.2,0.0,0.6,7.231238952273824
2013725,51048,6,6.523314810340662,120.55630123503563,131.07111755439968,26.82433255606817,27.864279345660776,0.3333333333333333,0.3333333333333333,0.6666666666666666,0.3333333333333333,0.16666666666666666,0.6666666666666666,2.174438270113554
2013725,795529,14,17.69165964616681,309.0886542583834,390.5922336879318,26.98642632523103,28.30709087241301,0.7142857142857143,0.6428571428571429,0.35714285714285715,0.21428571428571427,0.14285714285714285,0.5,12.636899747262007
2013725,795527,8,9.482418016594231,196.85431635679635,233.33186450825323,27.13074220853585,28.442115322531837,0.625,0.75,0.25,0.25,0.125,0.625,5.926511260371394
2013725,51045,4,3.803486529318542,88.0937916397695,83.76588745461443,27.13491414849464,28.453121927771882,0.75,0.5,0.5,0.25,0.0,0.75,2.8526148969889062
2013725,560917,7,8.297115764519951,161.62683236806916,191.57664840150431,26.65930129351452,27.81059859486073,0.8571428571428571,0.42857142857142855,0.5714285714285714,0.2857142857142857,0.14285714285714285,0.7142857142857143,7.111813512445672
2013725,51644,17,16.164817749603802,386.6375310249999,367.64266024564165,26.802102052099663,28.21072833764493,0.5294117647058824,0.17647058823529413,0.8235294117647058,0.29411764705882354,0.058823529411764705,0.47058823529411764,8.55784469096672
2013725,560894,7,6.6561014263074485,133.70224889727916,127.13367565509904,27.122914933894485,28.335167464200094,0.7142857142857143,0.14285714285714285,0.8571428571428571,0.2857142857142857,0.14285714285714285,0.7142857142857143,4.754358161648177
2013725,957737,10,9.508716323296355,173.36960132983518,164.8522358128385,26.777474362875175,27.85322146040634,0.6,0.0,1.0,0.2,0.0,0.8,5.7052297939778125
2011166,11885,8,10.580455547391624,141.01687804208947,186.5028511945342,26.5202852176289,27.625594942534082,0.625,0.75,0.25,0.125,0.0,0.625,6.612784717119765
2011166,23909,18,16.393442622950822,350.65307531040514,319.35617059235443,26.748287976724793,27.973950300870218,0.5555555555555556,0.4444444444444444,0.5555555555555556,0.2222222222222222,0.1111111111111111,0.3888888888888889,9.107468123861569
2011166,27003,4,6.134969325153374,104.15382834583157,159.74513549974168,26.76374837930594,27.916350430780994,0.75,0.5,0.5,0.25,0.25,0.5,4.601226993865031
2011166,29075,5,5.4138594802694895,167.44115750206998,181.30057958597567,27.111494884066154,28.76870402323842,1.0,0.8,0.2,0.6,0.2,1.0,5.4138594802694895
2011166,9175,3,3.9676708302718593,50.181556469551836,66.36796594062697,26.749114220197402,27.787592884583486,0.3333333333333333,0.3333333333333333,0.6666666666666666,0.3333333333333333,0.0,0.3333333333333333,1.322556943423953
2011166,11117,2,1.8214936247723135,56.88144554716473,51.804595215997026,27.430183370985894,28.81520558124265,0.5,0.5,0.5,0.5,0.0,0.5,0.9107468123861567
2013725,818284,4,15.364916773367478,93.34773722741815,358.57005337036423,26.712671696866167,27.810685383896185,0.25,0.25,0.75,0.25,0.0,0.25,3.8412291933418694
2011166,50955,18,16.393442622950822,404.2683103812648,368.18607502847436,26.605814924529643,27.655054631286763,0.5,0.6111111111111112,0.3888888888888889,0.2222222222222222,0.16666666666666666,0.3888888888888889,8.196721311475411
2011166,50977,11,10.018214936247723,287.9072852773805,262.21064232912613,27.005980211597183,28.653604781806155,0.5454545454545454,0.2727272727272727,0.7272727272727273,0.18181818181818182,0.09090909090909091,0.6363636363636364,5.46448087431694
2013725,998256,4,11.104256631708822,83.99739891412503,233.18216848461603,26.530339137818867,27.720293287277848,0.75,0.0,1.0,0.25,0.0,0.75,8.328192473781616
2011166,26969,5,7.668711656441718,99.59515676881784,152.75330792763475,26.67174794800609,28.09107272680301,0.4,0.8,0.2,0.2,0.2,0.4,3.067484662576687
2013725,795544,3,2.8526148969889062,61.99108017120577,58.94555959227173,25.930147118936265,26.641480413383203,0.6666666666666666,0.0,1.0,0.0,0.0,0.6666666666666666,1.9017432646592707
2011166,42510,3,2.7322404371584703,66.56135474805787,60.62054166489788,27.2294291190701,28.54073374235539,1.0,0.0,1.0,1.0,0.0,1.0,2.7322404371584703
2011166,51017,15,13.66120218579235,330.79071678208686,301.26659087621755,26.73895125959614,28.14343630386129,0.7333333333333333,0.4666666666666667,0.5333333333333333,0.26666666666666666,0.06666666666666667,0.8,10.018214936247723
2011166,957734,19,17.304189435336976,371.26804440196645,338.13118797993303,26.822425768268157,28.052704385100593,0.5789473684210527,0.5263157894736842,0.47368421052631576,0.3684210526315789,0.15789473684210525,0.631578947368421,10.018214936247723
2011166,51028,15,13.66120218579235,435.72592777213316,396.83599979247106,27.398818977867556,29.275258182781688,0.6,0.4666666666666667,0.5333333333333333,0.3333333333333333,0.13333333333333333,0.6666666666666666,8.19672131147541
2011166,51685,6,5.464480874316941,117.15294561168977,106.69667177749525,27.000800727606315,28.23758063724046,0.5,0.0,1.0,0.0,0.0,0.5,2.7322404371584703
2011166,698141,3,6.72813356591079,34.793346320822124,78.03142708382734,26.081930556279932,26.81261588341597,0.6666666666666666,0.6666666666666666,0.3333333333333333,0.3333333333333333,0.0,1.0,4.48542237727386
2011166,159688,6,5.464480874316941,121.09804305268186,110.28965669643156,26.525543833364235,27.630798568845695,0.6666666666666666,0.0,1.0,0.16666666666666666,0.16666666666666666,0.6666666666666666,3.642987249544627
2011166,795521,4,11.703511053315994,83.4410848720855,244.13841477528263,26.924904284562615,28.167704350306828,0.75,0.0,1.0,0.0,0.0,0.25,8.777633289986996
2011166,799092,2,3.067484662576687,83.62616864380385,128.2609948524599,27.741497659405223,28.918680258729232,1.0,1.0,0.0,0.0,0.0,1.0,3.067484662576687
2011166,51046,2,7.685738684884713,61.679129708174415,237.02483662406902,26.71662508778451,28.010824706072178,0.0,0.0,1.0,0.0,0.0,0.0,0.0
2011166,51714,2,7.49063670411985,20.51629559254713,76.84005839905292,26.347405755254044,27.343663700080434,0.5,0.5,0.5,0.0,0.0,1.0,3.745318352059925
2011166,51013,6,17.555266579973992,158.73623081119302,464.44280796512913,27.702900312159187,29.405474755303914,0.3333333333333333,0.0,1.0,0.0,0.0,0.6666666666666666,5.851755526657997
2011166,51015,6,5.464480874316941,134.24069029085737,122.25928077491565,26.5226003883227,27.697314719721785,0.8333333333333334,0.3333333333333333,0.6666666666666666,0.3333333333333333,0.16666666666666666,0.8333333333333334,4.5537340619307844
2011166,157294,3,4.570074475287745,53.25071727986788,81.1199146104961,26.667684324121193,27.740639539943277,1.0,0.0,1.0,0.3333333333333333,0.3333333333333333,0.3333333333333333,4.570074475287745
2011166,811820,6,5.464480874316941,102.842934466493,93.66387474179692,26.66393295029764,27.65814985196874,0.6666666666666666,0.5,0.5,0.3333333333333333,0.16666666666666666,0.5,3.642987249544627
2011166,698137,6,5.994671403197159,103.01425816081975,102.92277125303927,27.295910989759793,28.748108124438733,0.6666666666666666,0.16666666666666666,0.8333333333333334,0.3333333333333333,0.0,0.8333333333333334,3.996447602131439
2006229,51044,4,3.6455696202531644,102.87884803867138,93.76300074410555,26.890573385980158,28.32127972537602,1.0,0.25,0.75,0.0,0.0,0.5,3.6455696202531644
2006229,26095,6,7.014809041309431,110.03480833693655,128.6455280634488,26.669735827601794,27.741149532726595,0.8333333333333334,0.8333333333333334,0.16666666666666666,0.0,0.0,1.0,5.845674201091192
2006229,9520,3,2.7341772151898733,37.09897917303475,33.81172785390509,26.129412518201594,27.148516405230243,0.6666666666666666,0.3333333333333333,0.6666666666666666,0.0,0.0,0.3333333333333333,1.8227848101265822
2006229,114464,4,3.6455696202531644,47.329699251029204,43.13592843131775,26.62679659043545,27.614368923082033,0.25,0.25,0.75,0.25,0.0,0.5,0.9113924050632911
2006229,11891,6,5.468354430379747,119.04277992001725,108.49468549672457,27.250683175252913,28.6136476782125,0.8333333333333334,0.6666666666666666,0.3333333333333333,0.0,0.0,0.8333333333333334,4.556962025316456
2006229,12120,2,3.793466807165437,36.81998399877962,69.8376935698665,27.09930909833534,28.406390645097296,1.0,0.5,0.5,0.0,0.0,0.5,3.793466807165437
2006229,51681,2,8.272058823529411,31.755292349840936,131.34082313812885,26.348158487966643,27.493426410757614,0.5,0.0,1.0,0.0,0.0,0.5,4.136029411764706
2006229,50980,1,1.3863216266173752,13.036683676369485,18.073036519920727,26.07336735273897,26.863439868248285,0.0,0.0,1.0,0.0,0.0,0.0,0.0
2006229,771857,4,10.3956107421311,69.26647315475911,180.0168230992873,27.11697628215935,28.27853618550425,0.5,0.5,0.5,0.25,0.0,0.5,5.19780537106555
2006229,51655,2,3.5087719298245617,32.77289850758865,57.496313171208165,27.390127350967763,28.92920496134391,1.0,0.0,1.0,0.5,0.0,1.0,3.5087719298245617
2006229,51014,4,3.6455696202531644,46.54171394298136,42.41776460626149,26.178199833326673,26.989038959467955,0.75,0.25,0.75,0.0,0.0,0.75,2.7341772151898733
2006229,5805,4,3.6455696202531644,45.99403899002665,41.91861781369517,26.328274238572476,27.291363876882375,0.75,0.25,0.75,0.0,0.0,0.75,2.7341772151898733
2006229,51648,6,8.317929759704251,123.08289859285733,170.63248418603143,26.436474361153046,27.519502780380716,1.0,0.0,1.0,0.0,0.0,0.8333333333333334,8.317929759704251
2006229,104563,10,9.113924050632912,271.99412849805947,247.89338293494026,27.091922893820186,28.451384960602457,0.9,0.4,0.6,0.0,0.0,0.8,8.202531645569621
2006229,6871,5,4.556962025316456,86.82346257419276,79.13024437141618,27.509007957766084,29.159255586133543,0.8,0.8,0.2,0.0,0.0,0.6,3.645569620253165
2006229,51006,3,2.7341772151898733,72.01463467577568,65.63359109690948,27.417627503080197,29.18892095331375,0.3333333333333333,0.0,1.0,0.3333333333333333,0.0,0.6666666666666666,0.9113924050632911
2006229,159941,3,3.5074045206547155,63.62747058496032,74.38909265583825,27.01559218872583,28.558185087088187,0.6666666666666666,0.6666666666666666,0.3333333333333333,0.0,0.0,0.6666666666666666,2.338269680436477
2006229,179963,6,15.962163759976352,85.27237917959256,226.85528011124242,26.56067710526376,27.756135683873293,0.5,0.16666666666666666,0.8333333333333334,0.16666666666666666,0.0,0.5,7.981081879988176
2006229,50992,5,4.556962025316456,76.3119670153437,69.55014715322463,26.67606785698764,27.755548618344413,0.6,0.0,1.0,0.2,0.0,0.6,2.7341772151898733
2006229,159945,8,8.359456635318704,154.78127961470517,161.73592436228336,26.664159761040665,27.84984414129222,0.625,0.75,0.25,0.25,0.0,0.625,5.2246603970741905
2006229,7252,10,10.449320794148381,165.4010145100842,172.83282602934608,26.23335068856498,27.18601480006571,1.0,0.6,0.4,0.3,0.0,0.9,10.449320794148381
2011166,972687,8,17.94168950909544,167.8288178141542,376.39156748751253,26.49542195013104,27.523389172473482,0.625,0.5,0.5,0.375,0.125,0.625,11.21355594318465
1996435,51045,9,8.4375,146.56720011865315,137.40675011123733,26.676726414327522,27.747929761679195,0.5555555555555556,0.4444444444444444,0.5555555555555556,0.4444444444444444,0.3333333333333333,0.4444444444444444,4.6875
1996435,25534,3,3.442560244804284,66.75258812766722,76.5999353753672,26.568694761060286,27.856185805580424,0.6666666666666666,0.0,1.0,0.3333333333333333,0.0,0.3333333333333333,2.295040163202856
1996435,50971,4,15.286624203821656,54.567673447966705,208.53887941898105,26.37264980603605,27.32991977070269,1.0,1.0,0.0,0.25,0.0,1.0,15.286624203821656
1996435,26766,8,7.5,124.53104662034816,116.7478562065764,26.326316088888586,27.216123829539086,0.5,0.0,1.0,0.125,0.0,0.75,3.75
1996435,28293,3,2.8125,48.68828870260831,45.645270658695296,25.91095228438836,26.566298162118926,0.6666666666666666,0.6666666666666666,0.3333333333333333,0.6666666666666666,0.6666666666666666,0.6666666666666666,1.875
1996435,42513,6,6.252894858730894,127.03591734254299,132.39037240422496,26.63440164887901,27.579094333789637,0.8333333333333334,0.3333333333333333,0.6666666666666666,0.16666666666666666,0.16666666666666666,0.6666666666666666,5.210745715609079
1996435,50959,9,11.180124223602483,208.7298872396451,259.2917853908635,26.349919822457153,27.31610522780223,0.7777777777777778,0.6666666666666666,0.3333333333333333,0.1111111111111111,0.1111111111111111,0.5555555555555556,8.695652173913043
2006229,963054,3,4.21085464753587,52.39974622492913,73.549238306981,26.837762625670525,28.057197908716855,0.3333333333333333,0.6666666666666666,0.3333333333333333,0.3333333333333333,0.3333333333333333,0.6666666666666666,1.40361821584529
2006229,966118,3,7.981081879988176,47.3135160769,125.87101527995863,26.710424780104933,28.278886517476494,0.3333333333333333,0.6666666666666666,0.3333333333333333,0.0,0.0,0.3333333333333333,2.660360626662725
1996435,51005,16,15.0,325.8513849234644,305.4856733657479,27.14854126689044,28.67977399542983,0.6875,0.625,0.375,0.0625,0.0,0.5625,10.3125
1996435,17231,6,6.474820143884892,114.28164291364465,123.32551393558774,27.283753536556777,28.648641901068142,0.5,0.8333333333333334,0.16666666666666666,0.0,0.0,0.6666666666666666,3.237410071942446
1996435,51000,17,15.9375,355.1612514723716,332.9636732553484,26.987223048127728,28.336748608497444,0.5882352941176471,0.29411764705882354,0.7058823529411765,0.35294117647058826,0.17647058823529413,0.7058823529411765,9.375
1996435,18573,8,7.5,245.4471355166059,230.10668954681805,26.862123909546916,28.082249749293965,0.75,0.75,0.25,0.25,0.25,0.75,5.625
2006229,808580,9,9.563164108618654,174.24074956643756,185.14365361250745,26.753047962914327,27.852024527203795,0.6666666666666666,0.4444444444444444,0.5555555555555556,0.3333333333333333,0.1111111111111111,0.8888888888888888,6.375442739079102
2006229,966117,2,5.320721253325451,25.01656030769024,66.55307205711267,26.496421953206983,27.408864040486627,0.5,1.0,0.0,0.0,0.0,0.5,2.6603606266627255
1996435,50949,2,2.967848309975268,38.99084166606792,57.85945177157647,26.88274192973197,27.945090872116435,0.5,0.0,1.0,0.5,0.5,0.5,1.483924154987634
1953632,50992,6,5.47001620745543,100.68826977040153,91.79441125745683,26.209182233511076,27.162121252520052,0.0,0.3333333333333333,0.6666666666666666,0.0,0.0,0.3333333333333333,0.0
1953632,34423,7,6.381685575364668,141.71939358055462,129.2012299660648,27.167010965308226,28.69556671686644,0.2857142857142857,0.14285714285714285,0.8571428571428571,0.0,0.0,0.42857142857142855,1.8233387358184765
1996435,795547,7,9.069968327094731,137.14506251068184,177.70019616990163,27.106048627873587,28.70049830927824,0.42857142857142855,0.5714285714285714,0.42857142857142855,0.14285714285714285,0.0,0.5714285714285714,3.887129283040599
1996435,560893,4,3.75,97.82584421291762,91.71172894961028,26.399299518434788,27.564994015129557,0.75,0.0,1.0,0.25,0.25,0.75,2.8125
1953632,9520,3,2.735008103727715,35.4405229999504,32.3100392017376,26.17910495116995,27.335183347694947,0.3333333333333333,0.3333333333333333,0.6666666666666666,0.0,0.0,0.6666666666666666,0.9116693679092382
1996435,809759,6,5.625,119.43677166910678,111.97197343978759,26.985414198058724,28.18349395845908,0.6666666666666666,0.0,1.0,0.3333333333333333,0.16666666666666666,0.8333333333333334,3.75
1996435,973078,2,1.875,62.54261781160439,58.633704198379114,27.29321937814103,28.599960212782893,1.0,0.0,1.0,0.5,0.5,1.0,1.875
1996435,797295,3,7.637906647807638,52.0522013254616,132.52328484558825,27.56165578472331,28.95141516399299,0.3333333333333333,0.6666666666666666,0.3333333333333333,0.3333333333333333,0.0,0.3333333333333333,2.545968882602546
1996435,51644,8,7.5,153.90530710764548,144.28622541341764,27.002888498496937,28.22579436310648,0.75,0.0,1.0,0.25,0.0,0.875,5.625
1996435,51686,4,5.935696619950536,67.7796233622925,100.57982032326998,26.663074235311587,27.9894105860817,1.0,1.0,0.0,0.25,0.0,1.0,5.935696619950536
1953632,22937,1,2.269861286254729,7.186015922827796,16.311259345636863,25.869657322180064,26.60017832778242,1.0,0.0,1.0,0.0,0.0,0.0,2.269861286254729
1996435,133852,3,2.8125,60.40803863353965,56.632536218943414,26.04748157096991,26.86903131221506,0.6666666666666666,0.0,1.0,0.0,0.0,0.6666666666666666,1.875
1996435,998256,5,4.6875,102.27915799914689,95.8867106242002,26.757513395375888,27.948931325517016,0.8,0.0,1.0,0.4,0.2,0.8,3.75
1996435,133854,5,16.961929890689785,115.22320269120904,390.88157716580525,26.6052513688256,27.729547336452118,0.6,0.4,0.6,0.4,0.2,0.4,10.17715793441387
1953632,11891,5,4.558346839546191,76.14348320037996,69.4176811996981,26.67499058016014,27.707971332152248,0.6,0.6,0.4,0.2,0.0,0.4,2.7350081037277145
1953632,10549,7,8.19672131147541,138.7664578023595,162.48999742665046,26.848933739119513,27.949239028837656,0.5714285714285714,0.0,1.0,0.14285714285714285,0.0,0.8571428571428571,4.683840749414519
1996435,560895,3,7.637906647807638,74.14756969698,188.77740516911456,26.760425526715753,27.88791933052525,0.6666666666666666,0.0,1.0,0.3333333333333333,0.3333333333333333,0.3333333333333333,5.091937765205092
1953632,23930,7,6.381685575364668,113.02055070148211,103.03737401877422,26.478784881484795,27.48046121985996,0.7142857142857143,0.2857142857142857,0.7142857142857143,0.0,0.0,0.7142857142857143,4.558346839546192
1996435,51646,10,10.421491431218156,192.82629056625618,200.95375348498212,26.269350652956085,27.33766858933015,0.8,0.6,0.4,0.4,0.2,0.8,8.337193144974526
1953632,29856,1,0.9116693679092382,18.018804657926143,16.427192252971565,25.94707870741365,26.668053181059133,0.0,0.0,1.0,0.0,0.0,0.0,0.0
1925299,51043,1,1.2482662968099862,29.1826254935881,36.427687856073916,28.39390588565329,31.100039416983666,0.0,1.0,0.0,0.0,0.0,0.0,0.0
1925299,560983,8,7.04983844120239,168.9293698346899,148.86559566358653,27.229745801135973,28.54231254521613,0.875,0.375,0.625,0.125,0.0,0.625,6.168608636052091
1953632,51668,9,8.205024311183145,189.8174275860295,173.05073422551314,27.095735343282527,28.19643244326754,0.2222222222222222,0.5555555555555556,0.4444444444444444,0.0,0.0,0.5555555555555556,1.8233387358184765
1925299,50982,8,8.434864104967199,139.42420631370996,147.00302914988163,26.558870047507252,27.569678216769283,0.75,0.25,0.75,0.25,0.0,0.25,6.326148078725399
1953632,795515,4,8.653846153846153,68.38064902874386,147.93890414872467,27.00357472523799,28.199585250532614,0.25,0.0,1.0,0.0,0.0,0.25,2.1634615384615383
1925299,560987,4,5.313653136531365,66.59637325372972,88.46750690532362,26.587741394922897,27.769502641816278,0.75,0.25,0.75,0.0,0.0,0.5,3.985239852398524
1953632,795510,3,2.735008103727715,47.304870739288035,43.12640160591494,26.121028732622293,26.948866667801052,0.6666666666666666,0.0,1.0,0.0,0.0,0.6666666666666666,1.8233387358184765
1953632,795511,1,0.9116693679092382,28.03615312986247,25.55970200250833,28.03615312986247,30.070369409785073,1.0,0.0,1.0,0.0,0.0,1.0,0.9116693679092382
1953632,51051,5,4.558346839546191,90.41579882956395,82.42931416795741,27.211952419604103,29.032946033442308,0.6,0.6,0.4,0.2,0.0,0.4,2.7350081037277145
1953632,771857,10,11.694386694386695,158.87081803594566,185.78967805658928,26.769137621895272,28.013951575859473,0.7,1.0,0.0,0.1,0.0,0.8,8.186070686070686
1925299,51694,1,0.8812298051502987,7.922669679898919,6.981692658287504,25.928737134214643,26.406807461864584,0.0,0.0,1.0,0.0,0.0,0.0,0.0
1925299,287934,6,5.287378830901792,119.49656886181627,105.3039380942276,27.030893274690097,28.477559534869915,0.6666666666666666,0.16666666666666666,0.8333333333333334,0.0,0.0,0.16666666666666666,3.524919220601195
1953632,51039,3,4.727718438101909,52.220928873219805,82.29528276290986,26.320519161533472,27.13030855108549,0.6666666666666666,0.6666666666666666,0.3333333333333333,0.3333333333333333,0.0,0.3333333333333333,3.1518122920679392
1925299,560882,2,2.4965325936199725,29.6087462848379,36.959600078161046,26.508611699790784,27.435867389783333,0.5,0.5,0.5,0.0,0.0,0.5,1.2482662968099862
1925299,560988,5,13.089005235602093,83.80903941556457,219.39539114022136,26.64238971948231,27.83072114016632,0.2,0.6,0.4,0.0,0.0,0.4,2.6178010471204187
1953632,795151,6,5.985369097761029,89.5079429453906,89.28967928491636,26.697612855629473,27.807038260659493,0.5,0.5,0.5,0.0,0.0,0.16666666666666666,2.9926845488805145
1953632,795508,2,2.062328139321723,30.517762011281636,31.468819672494813,25.550859305659834,26.180637713112212,1.0,0.0,1.0,0.0,0.0,0.5,2.062328139321723
1953632,771861,1,1.1694386694386696,13.400837183836874,15.671457205630439,26.801674367673748,27.98640647908089,0.0,1.0,0.0,0.0,0.0,0.0,0.0
1925299,560986,6,6.030150753768845,120.05626092706487,120.65955872066822,26.550285897581194,27.668917708443754,0.6666666666666666,0.5,0.5,0.0,0.0,0.6666666666666666,4.0201005025125625
1953632,963054,1,4.137931034482759,12.126046155344016,50.17674271176834,25.67868597602262,26.331076507055723,1.0,1.0,0.0,0.0,0.0,0.0,4.137931034482759
1953632,771856,5,7.619370132069082,76.2560112237919,116.20455486185693,26.250878220551368,27.352885159138832,0.4,0.4,0.6,0.2,0.0,0.4,3.047748052827633
1953632,51681,2,1.8233387358184765,56.529894168454874,51.536572884531395,28.28326083660854,30.33735647554181,0.0,0.5,0.5,0.0,0.0,0.5,0.0
1925299,11897,1,0.8812298051502987,47.500910350530226,41.85921797265956,26.71926207217325,28.799873466738827,1.0,1.0,0.0,1.0,1.0,1.0,0.8812298051502987
1925299,51002,1,0.8812298051502987,12.980671393782309,11.43895452306284,25.961342787564618,26.711612126414654,0.0,0.0,1.0,0.0,0.0,1.0,0.0
1953632,795509,1,1.7839444995044598,17.23918772531964,30.753754118508766,25.85878158797946,26.677992110169953,1.0,1.0,0.0,0.0,0.0,1.0,1.7839444995044598
1925299,560984,2,1.8163471241170537,22.97274081579389,20.863235856926845,25.929409874066614,26.716941961946382,0.5,0.5,0.5,0.0,0.0,0.0,0.9081735620585268
1953632,104563,10,9.116693679092382,189.02426631070128,172.32763338698456,26.209306175119412,27.09856298772396,0.8,0.4,0.6,0.1,0.0,0.5,7.293354943273906
1925299,51722,1,2.9970029970029968,30.221776356398667,90.57475431488112,26.536193873911028,27.70134858388025,1.0,1.0,0.0,0.0,0.0,0.0,2.9970029970029968
1925299,795530,3,2.643689415450896,37.78029017082536,33.293117745758174,27.151549401254783,28.57180643175847,0.6666666666666666,0.0,1.0,0.3333333333333333,0.0,0.3333333333333333,1.7624596103005974
1899585,27003,7,7.4706510138740665,156.87082401143616,167.41816863547083,26.61474101292254,27.590439176410488,0.7142857142857143,0.5714285714285714,0.42857142857142855,0.14285714285714285,0.0,0.7142857142857143,5.3361792956243335
1925299,965698,1,2.9970029970029968,10.499269508820772,31.466342184278037,26.99812159411056,28.19920764636076,0.0,0.0,1.0,0.0,0.0,0.0,0.0
1899585,26969,6,5.354486861675756,94.47843698807019,84.31392492738043,27.40499780945105,29.113719529941722,0.3333333333333333,0.6666666666666666,0.3333333333333333,0.0,0.0,0.3333333333333333,1.7848289538919186
1899585,23418,11,9.816559246405554,234.46645602718814,209.2412597168759,26.585802409534256,27.686209621728082,0.5454545454545454,0.2727272727272727,0.7272727272727273,0.2727272727272727,0.0,0.5454545454545454,5.354486861675756
1899585,31147,1,3.2432432432432434,11.901995434115706,38.6010662728077,26.77948972676034,27.810775291338558,1.0,0.0,1.0,1.0,1.0,1.0,3.2432432432432434
1899585,38673,9,8.031730292513634,187.09683979872185,166.96792842721834,26.103191979619528,27.001266114249987,0.3333333333333333,0.1111111111111111,0.8888888888888888,0.1111111111111111,0.0,0.2222222222222222,2.677243430837878
1925299,795537,5,4.4061490257514935,92.90028512587648,81.86650015988333,26.397871961460986,27.148736011382084,0.2,0.4,0.6,0.0,0.0,0.4,0.8812298051502987
1899585,4322,11,9.816559246405554,190.86712321191933,170.33258392734498,26.29857740927806,27.230863431001435,0.7272727272727273,0.45454545454545453,0.5454545454545454,0.18181818181818182,0.0,1.0,7.1393158155676755
1899585,23909,18,16.06346058502727,313.3741117493878,279.6595940252345,27.02888888230909,28.19116545130945,0.5,0.6666666666666666,0.3333333333333333,0.1111111111111111,0.05555555555555555,0.4444444444444444,8.031730292513634
1899585,6799,3,7.479224376731302,48.41486343667819,120.70187560390683,26.318750825745422,27.202537939822918,0.6666666666666666,0.3333333333333333,0.6666666666666666,0.0,0.0,0.6666666666666666,4.986149584487534
1899585,14736,1,4.1512915129151295,23.61364312421427,98.0271162905574,25.760337953688296,26.072589515089835,0.0,0.0,1.0,0.0,0.0,1.0,0.0
1925299,966114,6,7.970479704797048,132.4633255269632,175.9660412904308,27.4841952022653,29.252441999728166,0.3333333333333333,0.3333333333333333,0.6666666666666666,0.0,0.0,0.5,2.6568265682656826
1925299,795533,1,2.6178010471204187,17.445765742696654,45.66954382904883,26.16864861404498,27.381380770327933,1.0,0.0,1.0,1.0,0.0,1.0,2.6178010471204187
1925299,966112,2,2.6568265682656826,20.39874166144978,27.097959402663914,27.316995262525356,28.73734850508118,0.5,0.5,0.5,0.0,0.0,0.5,1.3284132841328413
1925299,966115,1,2.6178010471204187,14.24461867935345,37.28957769464254,25.640313622836214,26.401548574060264,1.0,1.0,0.0,0.0,0.0,1.0,2.6178010471204187
1899585,33697,7,6.246901338621716,133.252859523167,118.91678093292047,27.21710910994162,28.651844443539094,0.5714285714285714,0.14285714285714285,0.8571428571428571,0.2857142857142857,0.14285714285714285,0.8571428571428571,3.5696579077838373
1925299,797298,4,4.993065187239945,66.01825806940558,82.40836652214288,26.155874049351777,26.91595107223948,0.75,0.5,0.5,0.25,0.0,0.0,3.7447988904299585
1899585,42510,2,1.7848289538919189,23.538316397389977,21.005934315965277,25.7219051817192,26.47928987400318,0.5,0.0,1.0,0.5,0.0,0.5,0.8924144769459594
1925299,560989,1,0.8812298051502987,7.834887827716219,6.904336673792811,28.20559617977839,30.212007492477778,1.0,1.0,0.0,0.0,0.0,0.0,0.8812298051502987
1899585,43829,4,9.424083769633507,76.42351151301246,180.05539361704504,27.35145687337167,28.54890342016655,0.75,1.0,0.0,0.5,0.0,1.0,7.0680628272251305
1925299,809166,1,0.8812298051502987,17.049461105862587,15.024493288236885,25.574191658793882,26.186132124687404,0.0,0.0,1.0,0.0,0.0,1.0,0.0
1899585,50951,2,2.4623803009575926,50.890359331374015,62.65570916311438,26.958638379692424,27.92175051012339,0.5,0.5,0.5,0.0,0.0,0.5,1.2311901504787963
1899585,965685,4,5.746209098164406,63.16157179451445,90.73489962500082,25.79935973845463,26.330173822546783,1.0,0.5,0.5,0.0,0.0,0.75,5.746209098164406
1899585,51667,6,5.354486861675756,96.05121422645091,85.71749410392249,27.453397075800968,29.13718573915024,0.6666666666666666,0.16666666666666666,0.8333333333333334,0.16666666666666666,0.16666666666666666,1.0,3.5696579077838373
1899585,133501,7,10.05586592178771,134.34828299129674,192.9983315118389,26.95533042439661,28.207466222607895,0.8571428571428571,0.14285714285714285,0.8571428571428571,0.0,0.0,0.42857142857142855,8.619313647246608
1886347,33697,6,5.48780487804878,85.14754458280632,77.87885175256676,27.35400693999101,28.801522236682683,0.5,0.3333333333333333,0.6666666666666666,0.16666666666666666,0.0,0.5,2.74390243902439
1899585,799092,5,4.462072384729797,73.51314160306819,65.60419181235635,26.44411254108412,27.48164436096915,1.0,0.4,0.6,0.6,0.0,0.6,4.462072384729797
1899585,159938,4,9.972299168975068,99.04446368847368,246.92525573303686,27.10453733450835,28.46600416032103,0.5,0.75,0.25,0.0,0.0,0.75,4.986149584487534
1899585,51015,1,0.8924144769459594,18.162219893725105,16.208227966636187,28.42782244235234,30.876641434179387,1.0,0.0,1.0,1.0,0.0,1.0,0.8924144769459594
1886347,23418,9,8.23170731707317,181.10665257982532,165.6463285791085,26.404381539400596,27.710995750359842,0.8888888888888888,0.1111111111111111,0.8888888888888888,0.1111111111111111,0.0,0.6666666666666666,7.317073170731706
1899585,51028,7,6.350806451612903,131.24169310179252,119.07008446735209,27.21967376894805,28.73900691651694,0.8571428571428571,0.7142857142857143,0.2857142857142857,0.14285714285714285,0.0,0.5714285714285714,5.443548387096774
1899585,51046,2,2.77992277992278,23.902434493158356,33.223461071571464,26.0585202050997,26.93084009384149,0.5,0.0,1.0,0.0,0.0,0.5,1.38996138996139
1899585,133498,12,10.708973723351512,237.96236693449185,212.361061220667,26.659356494997805,27.85941077732437,0.5,0.0,1.0,0.08333333333333333,0.08333333333333333,0.5,5.354486861675756
1886347,14736,3,2.74390243902439,36.62542315459507,33.49886264139793,25.845487653631963,26.505378584298303,0.6666666666666666,0.0,1.0,0.0,0.0,0.3333333333333333,1.8292682926829267
1899585,965684,3,7.0680628272251305,48.99986848088696,115.44471631622581,26.302989129059455,27.408975006201143,1.0,0.3333333333333333,0.6666666666666666,0.3333333333333333,0.0,0.6666666666666666,7.0680628272251305
1886347,50951,5,5.775895263765884,135.9861993655306,157.0884089705783,27.307218239151336,28.877094243478417,0.4,0.4,0.6,0.2,0.0,0.4,2.310358105506354
1886347,38673,6,6.231967686093479,123.67875456322537,128.46033364905117,27.127907932280635,28.669444255448482,0.6666666666666666,0.5,0.5,0.3333333333333333,0.0,0.8333333333333334,4.154645124062319
1899585,698137,2,1.7848289538919189,23.973581981800436,21.394371624809516,26.201030939179056,27.024069970124515,0.0,0.5,0.5,0.0,0.0,0.0,0.0
1886347,43829,5,16.531961792799414,99.12817777833372,327.7566495242482,27.0256574406376,28.241643655915215,0.6,0.6,0.4,0.0,0.0,0.6,9.919177075679649
1899585,133495,5,5.684689236988378,97.09049627765432,110.38585984068835,26.230076725804203,27.154818826017202,0.8,0.0,1.0,0.2,0.2,0.8,4.547751389590703
1899585,51017,10,13.8996138996139,222.92804933875908,309.8613813202829,26.99671477521261,28.38938105795903,0.3,0.9,0.1,0.0,0.0,0.6,4.1698841698841695
1886347,965685,14,12.804878048780488,225.7560130097006,206.4841582405798,26.777775254060657,28.01984812365501,0.6428571428571429,0.7142857142857143,0.2857142857142857,0.21428571428571427,0.0,0.7857142857142857,8.231707317073171
1886347,735573,9,8.23170731707317,167.80081221065635,153.47635263169786,26.826896863716215,28.137591877279974,0.7777777777777778,0.4444444444444444,0.5555555555555556,0.2222222222222222,0.1111111111111111,0.6666666666666666,6.402439024390243
1886347,50978,4,4.173429167632738,65.71530408237925,68.56454170431407,26.615611347049878,28.16640550189996,1.0,0.25,0.75,0.25,0.0,1.0,4.173429167632738
1886347,735578,7,6.402439024390244,130.05406703996516,118.95189058533398,26.524027897554713,27.672080113627356,0.7142857142857143,0.14285714285714285,0.8571428571428571,0.14285714285714285,0.0,0.8571428571428571,4.573170731707317
1886347,560992,5,12.211668928086839,76.20485831970213,186.11770010239326,26.578128066939307,27.613490856714833,0.8,0.6,0.4,0.0,0.0,0.6,9.769335142469473
1886347,735574,4,3.6585365853658534,97.90748392137665,89.54952797686889,27.168027734399043,28.464717521613238,1.0,0.25,0.75,0.5,0.0,1.0,3.6585365853658534
1886347,795506,4,12.253233492171546,57.682979157569285,176.7007530354403,26.249230375936897,27.069870542793524,1.0,0.75,0.25,0.25,0.0,1.0,12.253233492171546
1886347,795507,6,8.773354995938263,102.8659673283859,150.41327472875275,26.08549505078143,26.674037097242607,1.0,1.0,0.0,0.0,0.0,0.6666666666666666,8.773354995938263
1886347,163972,3,13.18359375,54.10000239658366,237.7441511568618,27.384088097872706,28.919777381717363,0.6666666666666666,1.0,0.0,0.0,0.0,1.0,8.7890625
1886347,795505,6,6.260143751449107,99.93396110129731,104.2668270243074,26.40800837108991,27.422486460119938,0.8333333333333334,0.3333333333333333,0.6666666666666666,0.3333333333333333,0.0,0.5,5.216786459540923
1886347,133498,5,4.573170731707317,103.85692804147223,94.99109272085873,26.58069496661347,27.599011822276804,1.0,0.6,0.4,0.2,0.0,0.8,4.573170731707317
1886347,966120,6,7.823819182845552,102.34707828704894,133.45750573506817,26.741696570338163,27.943930915010483,0.6666666666666666,0.3333333333333333,0.6666666666666666,0.3333333333333333,0.0,0.3333333333333333,5.215879455230368
1886347,176224,9,8.23170731707317,130.01467756519273,118.91586362670066,26.342825910560023,27.240579056085473,0.6666666666666666,0.2222222222222222,0.7777777777777778,0.2222222222222222,0.0,0.8888888888888888,5.487804878048779
1886347,51713,9,8.23170731707317,154.32817061905513,141.15381459059918,26.59410052648157,27.62838840365388,0.7777777777777778,0.6666666666666666,0.3333333333333333,0.1111111111111111,0.1111111111111111,0.6666666666666666,6.402439024390243
1886347,133501,6,7.586400674346726,120.42499376153816,152.2653756467889,26.401040816580164,27.66926568117772,0.6666666666666666,0.5,0.5,0.16666666666666666,0.0,0.6666666666666666,5.057600449564484
1886347,51667,5,4.573170731707317,73.3213197272523,67.06218267736492,27.148912678526152,28.667445571779535,0.8,0.0,1.0,0.0,0.0,0.6,3.658536585365854
1886347,51649,4,3.6585365853658534,84.01787716267525,76.8456193561054,26.93289248261961,28.068018931489508,1.0,0.5,0.5,0.5,0.0,0.75,3.6585365853658534
1886347,50983,9,8.23170731707317,161.11012652621295,147.35682304226793,26.837934781844897,28.009126207914385,0.7777777777777778,0.4444444444444444,0.5555555555555556,0.1111111111111111,0.0,0.6666666666666666,6.402439024390243
